{"autoTags":[{"value":"Steve","confidence":1,"type":"PERSON"},{"value":"adobestock_314223413.jpeg ST","confidence":1,"type":"ORG"},{"value":"Discovery Days","confidence":1,"type":"FAC"},{"value":"Munich Allemagne","confidence":1,"type":"PERSON"},{"value":"Novembre","confidence":1,"type":"ORG"},{"value":"Los Angeles","confidence":1,"type":"GPE"},{"value":"Octubre","confidence":1,"type":"ORG"},{"value":"cta","confidence":1,"type":"ORG"},{"value":"regístrese hoy","confidence":0.9964859606697662,"type":"KEY_PHRASE"},{"value":"DÍAS","confidence":0.9630391369155804,"type":"KEY_PHRASE"},{"value":"regístrese","confidence":0.9630391369155804,"type":"KEY_PHRASE"},{"value":"hoy","confidence":0.9528507594047366,"type":"KEY_PHRASE"}]}