<?xml version="1.0"?><x:xmpmeta xmlns:x="adobe:ns:meta/" x:xmptk="Adobe XMP Core 6.2.8"><rdf:RDF xmlns:rdf="http://www.w3.org/1999/02/22-rdf-syntax-ns#"><rdf:Description rdf:about="" xmlns:xmp="http://ns.adobe.com/xap/1.0/" xmlns:dam="http://www.day.com/dam/1.0" xmlns:dc="http://purl.org/dc/elements/1.1/" xmlns:tiff="http://ns.adobe.com/tiff/1.0/" xmp:CreateDate="2014-06-03T16:12:52Z" xmp:CreatorTool="Adobe Fireworks CS6 (Macintosh)" xmp:ModifyDate="2015-06-11T17:36:07Z" dam:Physicalwidthindpi="300" dam:MIMEtype="image/jpeg" dam:Physicalheightininches="0.800000011920929" dam:Physicalheightindpi="300" dam:Physicalwidthininches="0.800000011920929" dam:Bitsperpixel="24" dam:Progressive="no" dam:size="30496" dam:Numberoftextualcomments="0" dam:sha1="30ad5a8730bd901373cbce4371c5da83d1790d51" dam:Numberofimages="1" dam:Fileformat="JPEG" dc:format="image/jpeg" tiff:ImageWidth="240" tiff:ImageLength="240"><tiff:BitsPerSample><rdf:Seq><rdf:li>8</rdf:li><rdf:li>8</rdf:li><rdf:li>8</rdf:li></rdf:Seq></tiff:BitsPerSample></rdf:Description></rdf:RDF></x:xmpmeta>