{"autoTags":[{"value":"man","confidence":0.8218851089477539,"isCustom":false},{"value":"face","confidence":0.7877281308174133,"isCustom":false},{"value":"portrait","confidence":0.758066713809967,"isCustom":false},{"value":"male","confidence":0.714186429977417,"isCustom":false},{"value":"adult","confidence":0.6702277064323425,"isCustom":false},{"value":"smiling","confidence":0.6642752885818481,"isCustom":false},{"value":"expression","confidence":0.663812518119812,"isCustom":false},{"value":"eyes","confidence":0.6481540203094482,"isCustom":false},{"value":"closeup","confidence":0.6393057703971863,"isCustom":false},{"value":"caucasian","confidence":0.6385803818702698,"isCustom":false},{"value":"head","confidence":0.6348688006401062,"isCustom":false},{"value":"men","confidence":0.6196415424346924,"isCustom":false},{"value":"happy","confidence":0.6112343668937683,"isCustom":false},{"value":"young","confidence":0.6094009280204773,"isCustom":false},{"value":"person","confidence":0.6051629781723022,"isCustom":false},{"value":"beard","confidence":0.6021321415901184,"isCustom":false},{"value":"teeth","confidence":0.5996537804603577,"isCustom":false},{"value":"scream","confidence":0.5960438251495361,"isCustom":false},{"value":"anger","confidence":0.5902069807052612,"isCustom":false},{"value":"close-up","confidence":0.5851036310195923,"isCustom":false},{"value":"screaming","confidence":0.5826287865638733,"isCustom":false},{"value":"close","confidence":0.5773874521255493,"isCustom":false},{"value":"people","confidence":0.5769914388656616,"isCustom":false},{"value":"isolated","confidence":0.5768807530403137,"isCustom":false},{"value":"smile","confidence":0.5743146538734436,"isCustom":false}]}
