{"autoTags":[{"value":"graduate","confidence":0.8419522047042847,"isCustom":false},{"value":"graduation","confidence":0.8287652730941772,"isCustom":false},{"value":"education","confidence":0.8140643835067749,"isCustom":false},{"value":"diploma","confidence":0.7752897143363953,"isCustom":false},{"value":"college","confidence":0.7741348743438721,"isCustom":false},{"value":"achievement","confidence":0.770931601524353,"isCustom":false},{"value":"man","confidence":0.7478139400482178,"isCustom":false},{"value":"student","confidence":0.7435334324836731,"isCustom":false},{"value":"cap","confidence":0.7299574613571167,"isCustom":false},{"value":"woman","confidence":0.7293097376823425,"isCustom":false},{"value":"gown","confidence":0.7218937277793884,"isCustom":false},{"value":"female","confidence":0.7144736051559448,"isCustom":false},{"value":"girl","confidence":0.7073057889938354,"isCustom":false},{"value":"adult","confidence":0.6941782236099243,"isCustom":false},{"value":"success","confidence":0.6775906682014465,"isCustom":false},{"value":"young","confidence":0.6750627756118774,"isCustom":false},{"value":"black","confidence":0.6686625480651855,"isCustom":false},{"value":"academic","confidence":0.6624844074249268,"isCustom":false},{"value":"background","confidence":0.6589569449424744,"isCustom":false},{"value":"degree","confidence":0.6575089693069458,"isCustom":false},{"value":"hat","confidence":0.6512646675109863,"isCustom":false},{"value":"university","confidence":0.6511257886886597,"isCustom":false},{"value":"male","confidence":0.648888885974884,"isCustom":false},{"value":"happy","confidence":0.6445608139038086,"isCustom":false},{"value":"robe","confidence":0.6438943147659302,"isCustom":false}]}
