{"autoTags":[{"value":"business","confidence":0.86583411693573,"isCustom":false},{"value":"vector","confidence":0.8261823058128357,"isCustom":false},{"value":"design","confidence":0.8179899454116821,"isCustom":false},{"value":"web","confidence":0.8098145723342896,"isCustom":false},{"value":"template","confidence":0.8016165494918823,"isCustom":false},{"value":"website","confidence":0.7853017449378967,"isCustom":false},{"value":"layout","confidence":0.7694141864776611,"isCustom":false},{"value":"page","confidence":0.7295728921890259,"isCustom":false},{"value":"blue","confidence":0.7166434526443481,"isCustom":false},{"value":"icon","confidence":0.7128480076789856,"isCustom":false},{"value":"background","confidence":0.7031316757202148,"isCustom":false},{"value":"illustration","confidence":0.6966554522514343,"isCustom":false},{"value":"internet","confidence":0.6817086935043335,"isCustom":false},{"value":"button","confidence":0.6715908050537109,"isCustom":false},{"value":"element","confidence":0.6714826226234436,"isCustom":false},{"value":"bar","confidence":0.6662560701370239,"isCustom":false},{"value":"abstract","confidence":0.66464763879776,"isCustom":false},{"value":"site","confidence":0.6642283797264099,"isCustom":false},{"value":"banner","confidence":0.6608502268791199,"isCustom":false},{"value":"form","confidence":0.6595342755317688,"isCustom":false},{"value":"infographic","confidence":0.6567631363868713,"isCustom":false},{"value":"interface","confidence":0.6468777656555176,"isCustom":false},{"value":"card","confidence":0.6453264355659485,"isCustom":false},{"value":"set","confidence":0.6401453614234924,"isCustom":false},{"value":"user","confidence":0.6375155448913574,"isCustom":false}]}
