<?xml version="1.0"?><x:xmpmeta xmlns:x="adobe:ns:meta/" x:xmptk="Adobe XMP Core 6.2.8"><rdf:RDF xmlns:rdf="http://www.w3.org/1999/02/22-rdf-syntax-ns#"><rdf:Description rdf:about="" xmlns:dc="http://purl.org/dc/elements/1.1/" xmlns:exif="http://ns.adobe.com/exif/1.0/" xmlns:photoshop="http://ns.adobe.com/photoshop/1.0/" xmlns:tiff="http://ns.adobe.com/tiff/1.0/" xmlns:xmp="http://ns.adobe.com/xap/1.0/" xmlns:xmpMM="http://ns.adobe.com/xap/1.0/mm/" xmlns:stEvt="http://ns.adobe.com/xap/1.0/sType/ResourceEvent#" xmlns:dam="http://www.day.com/dam/1.0" dc:format="image/vnd.adobe.photoshop" exif:ColorSpace="1" exif:PixelXDimension="5690" exif:PixelYDimension="2833" photoshop:ColorMode="3" photoshop:ICCProfile="sRGB IEC61966-2.1" tiff:Orientation="1" tiff:ResolutionUnit="2" tiff:XResolution="3000000/10000" tiff:YResolution="3000000/10000" tiff:ImageLength="2833" tiff:ImageWidth="5690" xmp:CreateDate="2022-10-31T08:53:52-07:00" xmp:CreatorTool="Adobe Photoshop 23.5 (Macintosh)" xmp:MetadataDate="2023-05-24T10:47:07-07:00" xmp:ModifyDate="2023-05-24T10:47:07-07:00" xmpMM:DocumentID="adobe:docid:photoshop:64fde75f-8884-5445-bc59-a0f8fff60973" xmpMM:InstanceID="xmp.iid:dfa51af2-cb93-4ab8-9620-c6a748ec9856" xmpMM:OriginalDocumentID="xmp.did:01922c24-aa05-4c72-a624-bd475601166c" dam:size="19014456" dam:sha1="9aefbc2dc257be369745d4ecc53128851b183e8c"><dc:rights><rdf:Alt><rdf:li xml:lang="x-default">This is the base template for "Banners at Scale" Content Supply Chain as created by Wes Hopkins wehopkin@adobe.com</rdf:li></rdf:Alt></dc:rights><dc:creator><rdf:Seq><rdf:li>Wes Hopkins</rdf:li><rdf:li>wehopkin@adobe.com</rdf:li></rdf:Seq></dc:creator><dc:title><rdf:Alt><rdf:li xml:lang="x-default">12 artboard banner template; CSC; banners at scale</rdf:li></rdf:Alt></dc:title><photoshop:TextLayers><rdf:Bag><rdf:li photoshop:LayerName="cta" photoshop:LayerText="Register Today!"/><rdf:li photoshop:LayerName="location" photoshop:LayerText="LOCATION LOCATION"/><rdf:li photoshop:LayerName="date" photoshop:LayerText="DATE DATE DATE a;nnc an  con conference a;nnc an  con conference"/><rdf:li photoshop:LayerName="text" photoshop:LayerText="TEXT1 WILL GO HERE OVER 2 LINES"/><rdf:li photoshop:LayerName="cta" photoshop:LayerText="Register Today!"/><rdf:li photoshop:LayerName="location" photoshop:LayerText="LOCATION LOCATION"/><rdf:li photoshop:LayerName="date" photoshop:LayerText="DATE DATE DATE a;nnc an  con conference a;nnc an  con conference"/><rdf:li photoshop:LayerName="text" photoshop:LayerText="TEXT1 WILL GO HERE OVER 2 LINES"/><rdf:li photoshop:LayerName="cta" photoshop:LayerText="Register Today!"/><rdf:li photoshop:LayerName="location" photoshop:LayerText="LOCATION LOCATION"/><rdf:li photoshop:LayerName="date" photoshop:LayerText="DATE DATE DATE a;nnc an  con conference"/><rdf:li photoshop:LayerName="text" photoshop:LayerText="TEXT1 WILL GO HERE OVER 2 LINES"/><rdf:li photoshop:LayerName="cta" photoshop:LayerText="Register Today!"/><rdf:li photoshop:LayerName="location" photoshop:LayerText="LOCATION LOCATION"/><rdf:li photoshop:LayerName="date" photoshop:LayerText="DATE DATE DATE a;nnc an  con conference"/><rdf:li photoshop:LayerName="text" photoshop:LayerText="TEXT1 WILL GO HERE OVER 2 LINES"/><rdf:li photoshop:LayerName="cta" photoshop:LayerText="Register Today!"/><rdf:li photoshop:LayerName="location" photoshop:LayerText="LOCATION LOCATION"/><rdf:li photoshop:LayerName="date" photoshop:LayerText="DATE DATE DATE a;nnc an  con conference a;nnc an  con conference"/><rdf:li photoshop:LayerName="text" photoshop:LayerText="TEXT1 WILL GO HERE OVER 2 LINES"/><rdf:li photoshop:LayerName="cta" photoshop:LayerText="Register Today!"/><rdf:li photoshop:LayerName="location" photoshop:LayerText="LOCATION LOCATION"/><rdf:li photoshop:LayerName="date" photoshop:LayerText="DATE DATE DATE a;nnc an  con conference"/><rdf:li photoshop:LayerName="text" photoshop:LayerText="TEXT1 WILL GO HERE OVER 2 LINES"/><rdf:li photoshop:LayerName="cta" photoshop:LayerText="Register Today!"/><rdf:li photoshop:LayerName="location" photoshop:LayerText="Los Angeles, CA"/><rdf:li photoshop:LayerName="date" photoshop:LayerText="DATE DATE DATE a;nnc an  con conference"/><rdf:li photoshop:LayerName="text" photoshop:LayerText="TEXT1 WILL GO HERE OVER 2 LINES"/><rdf:li photoshop:LayerName="cta" photoshop:LayerText="Register Today!"/><rdf:li photoshop:LayerName="date" photoshop:LayerText="LOCATION LOCATION"/><rdf:li photoshop:LayerName="location" photoshop:LayerText="DATE DATE DATE a;nnc an  con conference"/><rdf:li photoshop:LayerName="text" photoshop:LayerText="TEXT1 WILL GO HERE OVER 2 LINES"/><rdf:li photoshop:LayerName="cta" photoshop:LayerText="Register Today!"/><rdf:li photoshop:LayerName="location" photoshop:LayerText="LOCATION LOCATION"/><rdf:li photoshop:LayerName="date" photoshop:LayerText="DATE DATE DATE a;nnc an  con conference a;nnc an  con conference"/><rdf:li photoshop:LayerName="text" photoshop:LayerText="TEXT1 WILL GO HERE OVER 2 LINES"/><rdf:li photoshop:LayerName="cta" photoshop:LayerText="Register Today!"/><rdf:li photoshop:LayerName="location" photoshop:LayerText="LOCATION LOCATION"/><rdf:li photoshop:LayerName="date" photoshop:LayerText="DATE DATE DATE a;nnc an  con conference"/><rdf:li photoshop:LayerName="text" photoshop:LayerText="TEXT1 WILL GO HERE OVER 2 LINES"/><rdf:li photoshop:LayerName="cta" photoshop:LayerText="Register Today!"/><rdf:li photoshop:LayerName="location" photoshop:LayerText="LOCATION LOCATION"/><rdf:li photoshop:LayerName="date" photoshop:LayerText="DATE DATE DATE a;nnc an  con conference"/><rdf:li photoshop:LayerName="text" photoshop:LayerText="TEXT1 WILL GO HERE OVER 2 LINES"/><rdf:li photoshop:LayerName="cta" photoshop:LayerText="Register Today!"/><rdf:li photoshop:LayerName="location" photoshop:LayerText="LOCATION LOCATION"/><rdf:li photoshop:LayerName="date" photoshop:LayerText="DATE DATE DATE a;nnc an  con conference"/><rdf:li photoshop:LayerName="text" photoshop:LayerText="TEXT1 WILL GO HERE OVER 2 LINES"/></rdf:Bag></photoshop:TextLayers><photoshop:DocumentAncestors><rdf:Bag><rdf:li>316504238</rdf:li></rdf:Bag></photoshop:DocumentAncestors><xmpMM:History><rdf:Seq><rdf:li stEvt:action="created" stEvt:instanceID="xmp.iid:01922c24-aa05-4c72-a624-bd475601166c" stEvt:softwareAgent="Adobe Photoshop 24.0 (Macintosh)" stEvt:when="2022-10-31T08:53:52-07:00"/><rdf:li stEvt:action="saved" stEvt:changed="/" stEvt:instanceID="xmp.iid:ea0c831a-c8cc-4e25-9276-b400476da8d4" stEvt:softwareAgent="Adobe Photoshop 24.0 (Macintosh)" stEvt:when="2022-10-31T11:07:38-07:00"/><rdf:li stEvt:action="saved" stEvt:changed="/" stEvt:instanceID="xmp.iid:dfa51af2-cb93-4ab8-9620-c6a748ec9856" stEvt:softwareAgent="Adobe Photoshop 23.5 (Macintosh)" stEvt:when="2023-05-24T10:47:07-07:00"/></rdf:Seq></xmpMM:History><photoshop:AlphaChannels><rdf:Bag><rdf:li>Transparency</rdf:li></rdf:Bag></photoshop:AlphaChannels><tiff:BitsPerSample><rdf:Seq><rdf:li>8</rdf:li><rdf:li>8</rdf:li><rdf:li>8</rdf:li></rdf:Seq></tiff:BitsPerSample></rdf:Description></rdf:RDF></x:xmpmeta>