<?xml version="1.0"?>
<x:xmpmeta xmlns:x="adobe:ns:meta/" x:xmptk="Adobe XMP Core 6.2.8">
  <rdf:RDF xmlns:rdf="http://www.w3.org/1999/02/22-rdf-syntax-ns#">
    <rdf:Description rdf:about=""
        xmlns:aux="http://ns.adobe.com/exif/1.0/aux/"
        xmlns:dc="http://purl.org/dc/elements/1.1/"
        xmlns:dcterms="http://purl.org/dc/terms/"
        xmlns:exif="http://ns.adobe.com/exif/1.0/"
        xmlns:exifEX="http://cipa.jp/exif/1.0/"
        xmlns:photoshop="http://ns.adobe.com/photoshop/1.0/"
        xmlns:tiff="http://ns.adobe.com/tiff/1.0/"
        xmlns:xmp="http://ns.adobe.com/xap/1.0/"
        xmlns:xmpMM="http://ns.adobe.com/xap/1.0/mm/"
        xmlns:stRef="http://ns.adobe.com/xap/1.0/sType/ResourceRef#"
        xmlns:stEvt="http://ns.adobe.com/xap/1.0/sType/ResourceEvent#"
        xmlns:pur="http://prismstandard.org/namespaces/prismusagerights/2.1/"
        xmlns:dam="http://www.day.com/dam/1.0"
      aux:ApproximateFocusDistance="0/1"
      aux:Firmware="Firmware Version 1.2.3"
      aux:FlashCompensation="0/1"
      aux:Lens="Sigma 50mm F1.4 DG HSM | A (Canon EF)"
      aux:LensInfo="50/1 50/1 0/0 0/0"
      aux:LensSerialNumber="0000000000"
      aux:SerialNumber="223020000691"
      dc:format="image/jpeg"
      dcterms:provenance="self#jumbf=/c2pa/adobe:urn:uuid:67e50568-a3a6-4fe1-ad60-766d15403471/c2pa.claim"
      exif:ApertureValue="24361/8200"
      exif:ColorSpace="65535"
      exif:CustomRendered="0"
      exif:DateTimeOriginal="2016-04-29T14:17:38"
      exif:ExifVersion="0230"
      exif:ExposureBiasValue="0/1"
      exif:ExposureMode="1"
      exif:ExposureProgram="1"
      exif:ExposureTime="1/160"
      exif:FNumber="14/5"
      exif:FileSource="3"
      exif:FlashpixVersion="0100"
      exif:FocalLength="50/1"
      exif:FocalPlaneResolutionUnit="2"
      exif:FocalPlaneXResolution="382423/97"
      exif:FocalPlaneYResolution="505679/128"
      exif:MeteringMode="3"
      exif:PixelXDimension="2000"
      exif:PixelYDimension="1348"
      exif:SceneCaptureType="0"
      exif:SceneType="1"
      exif:ShutterSpeedValue="29317/4004"
      exif:SubjectDistance="0/1"
      exif:WhiteBalance="0"
      exifEX:BodySerialNumber="223020000691"
      exifEX:LensModel="Sigma 50mm F1.4 DG HSM | A (Canon EF)"
      exifEX:LensSerialNumber="0000000000"
      exifEX:PhotographicSensitivity="250"
      exifEX:RecommendedExposureIndex="250"
      exifEX:SensitivityType="2"
      photoshop:ColorMode="3"
      photoshop:DateCreated="2016-04-29T14:17:38"
      photoshop:LegacyIPTCDigest="F3BB886328EDED5126E208824468233A"
      photoshop:Source="142201762"
      photoshop:Credit="baranq - stock.adobe.com"
      photoshop:Country="Poland"
      photoshop:Headline="Happy businessman isolated "
      tiff:Make="Canon"
      tiff:Model="Canon EOS 5D Mark III"
      tiff:Orientation="1"
      tiff:PhotometricInterpretation="2"
      tiff:ResolutionUnit="2"
      tiff:SamplesPerPixel="3"
      tiff:XResolution="3000000/10000"
      tiff:YCbCrPositioning="1"
      tiff:YResolution="3000000/10000"
      tiff:ImageWidth="2000"
      tiff:ImageLength="1348"
      xmp:CreateDate="2016-04-29T00:00"
      xmp:CreatorTool="Adobe Photoshop 23.5 (Macintosh)"
      xmp:MetadataDate="2023-05-24T11:21:22-07:00"
      xmp:ModifyDate="2023-05-24T11:21:22-07:00"
      xmp:Rating="5"
      xmpMM:DocumentID="xmp.did:CC58D3A89411E71187108042B34E88F7"
      xmpMM:InstanceID="xmp.iid:2fbec46c-4304-4436-a3e0-ea1bb4d59401"
      xmpMM:OriginalDocumentID="xmp.did:CC58D3A89411E71187108042B34E88F7"
      dam:Physicalheightininches="4.493333339691162"
      dam:DigitalCreationDate="20160429"
      dam:Physicalheightindpi="300"
      dam:Bitsperpixel="24"
      dam:Numberoftextualcomments="0"
      dam:Numberofimages="1"
      dam:TimeCreated="141738"
      dam:Physicalwidthindpi="300"
      dam:MIMEtype="image/jpeg"
      dam:Physicalwidthininches="6.666666507720947"
      dam:Progressive="yes"
      dam:size="381556"
      dam:DigitalCreationTime="000000+0000"
      dam:sha1="41be1ceef7a43066ee964398b73a11fc1ce6b46c"
      dam:Fileformat="JPEG">
      <dc:subject>
        <rdf:Bag>
          <rdf:li>businessman</rdf:li>
          <rdf:li>business</rdf:li>
          <rdf:li>isolated</rdf:li>
          <rdf:li>man</rdf:li>
          <rdf:li>young</rdf:li>
          <rdf:li>standing</rdf:li>
          <rdf:li>portrait</rdf:li>
          <rdf:li>male</rdf:li>
          <rdf:li>happy</rdf:li>
          <rdf:li>salesman</rdf:li>
          <rdf:li>casual</rdf:li>
          <rdf:li>person</rdf:li>
          <rdf:li>confident</rdf:li>
          <rdf:li>attractive</rdf:li>
          <rdf:li>modern</rdf:li>
          <rdf:li>cool</rdf:li>
          <rdf:li>suit</rdf:li>
          <rdf:li>black</rdf:li>
          <rdf:li>handsome</rdf:li>
          <rdf:li>people</rdf:li>
          <rdf:li>corporate</rdf:li>
          <rdf:li>adult</rdf:li>
          <rdf:li>crossed arms</rdf:li>
          <rdf:li>gray background</rdf:li>
          <rdf:li>executive</rdf:li>
          <rdf:li>smile</rdf:li>
          <rdf:li>caucasian</rdf:li>
          <rdf:li>cheerful</rdf:li>
          <rdf:li>success</rdf:li>
          <rdf:li>single</rdf:li>
          <rdf:li>professional</rdf:li>
          <rdf:li>successful</rdf:li>
          <rdf:li>confidence</rdf:li>
          <rdf:li>grey</rdf:li>
          <rdf:li>smiling</rdf:li>
          <rdf:li>boss</rdf:li>
          <rdf:li>leader</rdf:li>
          <rdf:li>ceo</rdf:li>
        </rdf:Bag>
      </dc:subject>
      <dc:title>
        <rdf:Alt>
          <rdf:li xml:lang="x-default">Happy businessman isolated - handsome man standing with crossed arms</rdf:li>
          <rdf:li>Happy businessman isolated - handsome man standing with crossed </rdf:li>
        </rdf:Alt>
      </dc:title>
      <dc:description>
        <rdf:Bag>
          <rdf:li>Happy businessman isolated - handsome man standing with crossed arms</rdf:li>
        </rdf:Bag>
      </dc:description>
      <dc:date>
        <rdf:Bag>
          <rdf:li>20160429</rdf:li>
        </rdf:Bag>
      </dc:date>
      <exif:ISOSpeedRatings>
        <rdf:Seq>
          <rdf:li>250</rdf:li>
        </rdf:Seq>
      </exif:ISOSpeedRatings>
      <exif:ComponentsConfiguration>
        <rdf:Seq>
          <rdf:li>1</rdf:li>
          <rdf:li>2</rdf:li>
          <rdf:li>3</rdf:li>
          <rdf:li>0</rdf:li>
        </rdf:Seq>
      </exif:ComponentsConfiguration>
      <exifEX:LensSpecification>
        <rdf:Seq>
          <rdf:li>50/1</rdf:li>
          <rdf:li>50/1</rdf:li>
          <rdf:li>0/0</rdf:li>
          <rdf:li>0/0</rdf:li>
        </rdf:Seq>
      </exifEX:LensSpecification>
      <tiff:BitsPerSample>
        <rdf:Seq>
          <rdf:li>8</rdf:li>
          <rdf:li>8</rdf:li>
          <rdf:li>8</rdf:li>
        </rdf:Seq>
      </tiff:BitsPerSample>
      <xmpMM:DerivedFrom
        stRef:documentID="xmp.did:CC58D3A89411E71187108042B34E88F7"
        stRef:instanceID="xmp.iid:1582D5D19611E711B4618E13137080C0"
        stRef:originalDocumentID="xmp.did:CC58D3A89411E71187108042B34E88F7"/>
      <xmpMM:History>
        <rdf:Seq>
          <rdf:li
            stEvt:action="saved"
            stEvt:changed="/"
            stEvt:instanceID="xmp.iid:CC58D3A89411E71187108042B34E88F7"
            stEvt:softwareAgent="Adobe Photoshop CS6 (Windows)"
            stEvt:when="2017-03-25T20:53:34+01:00"/>
          <rdf:li
            stEvt:action="saved"
            stEvt:changed="/"
            stEvt:instanceID="xmp.iid:1582D5D19611E711B4618E13137080C0"
            stEvt:softwareAgent="Adobe Photoshop CS6 (Windows)"
            stEvt:when="2017-03-25T21:27:19+01:00"/>
          <rdf:li
            stEvt:action="converted"
            stEvt:parameters="from application/vnd.adobe.photoshop to image/tiff"/>
          <rdf:li
            stEvt:action="derived"
            stEvt:parameters="converted from application/vnd.adobe.photoshop to image/tiff"/>
          <rdf:li
            stEvt:action="saved"
            stEvt:changed="/"
            stEvt:instanceID="xmp.iid:A11CBC719911E711B4618E13137080C0"
            stEvt:softwareAgent="Adobe Photoshop CS6 (Windows)"
            stEvt:when="2017-03-25T21:27:19+01:00"/>
          <rdf:li
            stEvt:action="saved"
            stEvt:changed="/"
            stEvt:instanceID="xmp.iid:5CDA0AA79A11E711B93E85A81424D1BB"
            stEvt:softwareAgent="Adobe Photoshop CS6 (Windows)"
            stEvt:when="2017-03-25T21:51:47+01:00"/>
          <rdf:li
            stEvt:action="saved"
            stEvt:changed="/metadata"
            stEvt:instanceID="xmp.iid:602aaa52-5548-4641-b27f-084db3b469e2"
            stEvt:softwareAgent="Adobe Bridge CC 2017 (Windows)"
            stEvt:when="2017-03-27T13:53:06+02:00"/>
          <rdf:li
            stEvt:action="saved"
            stEvt:changed="/metadata"
            stEvt:instanceID="xmp.iid:8bb03f0e-86cb-b643-b3b9-5a9009e24f31"
            stEvt:softwareAgent="Adobe Bridge CC 2017 (Windows)"
            stEvt:when="2017-03-27T13:53:09+02:00"/>
          <rdf:li
            stEvt:action="converted"
            stEvt:parameters="from image/tiff to image/jpeg"/>
          <rdf:li
            stEvt:action="saved"
            stEvt:changed="/"
            stEvt:instanceID="xmp.iid:23b24721-1776-4de6-9876-6eb2170fbeaa"
            stEvt:softwareAgent="Adobe Photoshop 23.5 (Macintosh)"
            stEvt:when="2023-05-24T10:36:27-07:00"/>
          <rdf:li
            stEvt:action="saved"
            stEvt:changed="/"
            stEvt:instanceID="xmp.iid:2fbec46c-4304-4436-a3e0-ea1bb4d59401"
            stEvt:softwareAgent="Adobe Photoshop 23.5 (Macintosh)"
            stEvt:when="2023-05-24T11:21:22-07:00"/>
        </rdf:Seq>
      </xmpMM:History>
      <pur:creditLine>
        <rdf:Bag>
          <rdf:li>baranq - stock.adobe.com</rdf:li>
        </rdf:Bag>
      </pur:creditLine>
    </rdf:Description>
  </rdf:RDF>
</x:xmpmeta>
