{"autoTags":[{"value":"business","confidence":0.9038487076759338,"isCustom":false},{"value":"businessman","confidence":0.9025993347167969,"isCustom":false},{"value":"man","confidence":0.8440543413162231,"isCustom":false},{"value":"male","confidence":0.8211117386817932,"isCustom":false},{"value":"portrait","confidence":0.7929069995880127,"isCustom":false},{"value":"adult","confidence":0.7680273056030273,"isCustom":false},{"value":"caucasian","confidence":0.7485731840133667,"isCustom":false},{"value":"confident","confidence":0.7320945262908936,"isCustom":false},{"value":"isolated","confidence":0.7301467657089233,"isCustom":false},{"value":"white","confidence":0.7162123918533325,"isCustom":false},{"value":"handsome","confidence":0.7071789503097534,"isCustom":false},{"value":"people","confidence":0.706138551235199,"isCustom":false},{"value":"executive","confidence":0.6997362971305847,"isCustom":false},{"value":"suit","confidence":0.6984423398971558,"isCustom":false},{"value":"background","confidence":0.6879304647445679,"isCustom":false},{"value":"attractive","confidence":0.6856687068939209,"isCustom":false},{"value":"person","confidence":0.6829291582107544,"isCustom":false},{"value":"smiling","confidence":0.6817836761474609,"isCustom":false},{"value":"young","confidence":0.6810400485992432,"isCustom":false},{"value":"professional","confidence":0.6803992986679077,"isCustom":false},{"value":"corporate","confidence":0.6742756366729736,"isCustom":false},{"value":"success","confidence":0.6666172742843628,"isCustom":false},{"value":"manager","confidence":0.6615486145019531,"isCustom":false},{"value":"happy","confidence":0.6596246957778931,"isCustom":false},{"value":"confidence","confidence":0.649899959564209,"isCustom":false}]}
